Recommendation ID,Recommendation Type,Recommendation Description,Target Audience,Source
1, Lifestyle Changes, Maintain a healthy diet low in saturated fats and cholesterol, Individuals with hypertension or high cholesterol, American Heart Association Guidelines
2, Medications, Take prescribed medications as directed by your doctor, Patients with heart disease or hypertension, National Institutes of Health (NIH) recommendations
3, Exercise, Engage in regular physical activity for at least 30 minutes most days of the week, Individuals at risk of heart disease, Centers for Disease Control and Prevention (CDC) guidelines
4, Stress Management, Practice stress-reducing techniques such as meditation or yoga, Individuals with high stress levels, National Institutes of Health (NIH) recommendations
5, Smoking Cessation, Quit smoking and avoid exposure to secondhand smoke, Smokers and individuals exposed to secondhand smoke, American Lung Association recommendations
6, Alcohol Moderation, Limit alcohol consumption to moderate levels, Adults who drink alcohol, Centers for Disease Control and Prevention (CDC) guidelines
7, Weight Management, Maintain a healthy weight through diet and exercise, Overweight or obese individuals, National Institutes of Health (NIH) recommendations
8, Blood Pressure Monitoring, Regularly monitor blood pressure and follow medical advice, Individuals with hypertension or at risk of hypertension, American Heart Association Guidelines
9, Cholesterol Management, Monitor cholesterol levels and follow medical advice, Individuals with high cholesterol or at risk of high cholesterol, National Institutes of Health (NIH) recommendations
10, Regular Checkups, Schedule regular checkups with a healthcare provider, Adults of all ages, American Academy of Family Physicians recommendations
